index	auroc	auprc	hit1	hit10	n_true_pos	n_true_neg
count	5377.0	5377.0	5377.0	5377.0	5377.0	5377.0
mean	0.6921261052103744	0.05814268824067853	0.14748000743909243	0.36116793751162357	89.63622838013762	9729.027896596615
std	0.16516053190268054	0.11653626057255453	0.3546167537743253	0.4803837800596775	105.17232569465334	114.48659646113246
min	0.015602764789591383	5.162089613875697e-05	0.0	0.0	1.0	9437.0
25%	0.5897691286137501	0.0029258433753395078	0.0	0.0	11.0	9690.0
50%	0.6953144625230232	0.01421065209952267	0.0	0.0	48.0	9776.0
75%	0.8103331292725232	0.04960794721142948	0.0	1.0	127.0	9811.0
max	0.9999647105876079	0.9863383408153329	1.0	1.0	404.0	9840.0
