index	auroc	auprc	hit1	hit10	n_true_pos	n_true_neg
count	5468.0	5468.0	5468.0	5468.0	5468.0	5468.0
mean	0.7387555994922539	0.10094514975095728	0.26371616678858817	0.458302852962692	91.39429407461594	9957.698975859546
std	0.1805804560422274	0.15832095072569535	0.440687493458335	0.49830388200494563	107.02195011012074	116.65481788746318
min	0.006145698011392031	5.0266411983512615e-05	0.0	0.0	1.0	9662.0
25%	0.6426071977387309	0.0039097451782482305	0.0	0.0	11.0	9920.0
50%	0.7657483682891646	0.025980750515070344	0.0	0.0	48.0	10007.0
75%	0.8692983921592738	0.12189416025106528	1.0	1.0	128.0	10040.0
max	1.0	1.0	1.0	1.0	410.0	10071.0
