index	auroc	auprc	hit1	hit10	n_true_pos	n_true_neg
count	19727.0	19727.0	19727.0	19727.0	19727.0	19727.0
mean	0.6753262712832859	0.055785011068008254	0.25498048360115577	0.4110609824098951	60.25498048360116	27459.94550615907
std	0.19638996418056165	0.12305958243395505	0.4358612930615921	0.49203874215112575	74.5400848172232	96.3380332425777
min	0.016551724137931045	1.8451546239574877e-05	0.0	0.0	1.0	27163.0
25%	0.5550741705650658	0.0012219601942130686	0.0	0.0	9.0	27417.0
50%	0.6892067273875551	0.007479765323077588	0.0	0.0	29.0	27493.0
75%	0.8090417134088784	0.04618783475822931	1.0	1.0	85.0	27532.0
max	1.0	1.0	1.0	1.0	398.0	27560.0
