index	auroc	auprc	hit1	hit10	n_true_pos	n_true_neg
count	5468.0	5468.0	5468.0	5468.0	5468.0	5468.0
mean	0.6256475457262355	0.04240597239808495	0.16313094367227504	0.380760790051207	91.39429407461594	9957.698975859546
std	0.16618564188164808	0.07455047276140556	0.3695188904477269	0.48561830591180755	107.02195011012074	116.65481788746318
min	0.010414590392664957	5.0342327829238826e-05	0.0	0.0	1.0	9662.0
25%	0.5339544618344989	0.0024108945283348895	0.0	0.0	11.0	9920.0
50%	0.6330489194732944	0.013734632136687963	0.0	0.0	48.0	10007.0
75%	0.7309596417984419	0.04493485106921203	0.0	1.0	128.0	10040.0
max	0.9990070499453878	0.6167558521847909	1.0	1.0	410.0	10071.0
