index	auroc	auprc	hit1	hit10	n_true_pos	n_true_neg
count	19727.0	19727.0	19727.0	19727.0	19727.0	19727.0
mean	0.8089228772312642	0.24484284737273387	0.5676484006691337	0.6903229076899681	60.25498048360116	27460.94550615907
std	0.1973999376172539	0.28280011162725527	0.495415114345539	0.4623721749190912	74.5400848172232	96.3380332425777
min	0.011732360627177696	1.8594272963927112e-05	0.0	0.0	1.0	27164.0
25%	0.7105559395636929	0.009199109866606825	0.0	0.0	9.0	27418.0
50%	0.8694392258102402	0.12530944318530798	1.0	1.0	29.0	27494.0
75%	0.9625421858006833	0.410170579236916	1.0	1.0	85.0	27533.0
max	1.0	1.0000000000000002	1.0	1.0	398.0	27561.0
