index	auroc	auprc	hit1	hit10	n_true_pos	n_true_neg
count	19727.0	19727.0	19727.0	19727.0	19727.0	19727.0
mean	0.754902993107455	0.11682317362497201	0.39960460282861054	0.5637451209002889	60.25498048360116	27459.94550615907
std	0.17711761822295038	0.1963220790078807	0.48982948757046535	0.49593248249734484	74.5400848172232	96.3380332425777
min	0.004716981132075526	1.8227552768765267e-05	0.0	0.0	1.0	27163.0
25%	0.6464526221732809	0.003335860332047554	0.0	0.0	9.0	27417.0
50%	0.7775446027759578	0.02593995676275493	0.0	1.0	29.0	27493.0
75%	0.8921015792358897	0.1385634940201238	1.0	1.0	85.0	27532.0
max	1.0	1.0000000000000002	1.0	1.0	398.0	27560.0
