index	auroc	auprc	hit1	hit10	n_true_pos	n_true_neg
count	8105.0	8105.0	8105.0	8105.0	8105.0	8105.0
mean	0.6088907154058747	0.03653651843131711	0.14953732264034547	0.34657618753855646	142.79259716224553	15297.006045650833
std	0.17575897218928416	0.06383572579525745	0.35663932026366907	0.4759086867612025	175.1354596153725	189.95395760510607
min	0.01127991132555256	3.29663084327817e-05	0.0	0.0	1.0	14914.0
25%	0.5206733876179398	0.0017626989670551422	0.0	0.0	12.0	15247.0
50%	0.6197571839250688	0.011153332237566095	0.0	0.0	61.0	15386.0
75%	0.7155918357710332	0.041285015883538355	0.0	1.0	204.0	15429.0
max	0.9990954903734333	0.5904309558618676	1.0	1.0	566.0	15479.0
