index	auroc	auprc	hit1	hit10	n_true_pos	n_true_neg
count	19727.0	19727.0	19727.0	19727.0	19727.0	19727.0
mean	0.7548571672748876	0.11676496614930254	0.3982359203122624	0.5634409692299893	60.25498048360116	27460.94550615907
std	0.17723833206859216	0.1962723635133587	0.48954695456644376	0.49597148407825903	74.5400848172232	96.3380332425777
min	0.004716809985123915	1.8226888305628465e-05	0.0	0.0	1.0	27164.0
25%	0.6463124358323704	0.003336023641986456	0.0	0.0	9.0	27418.0
50%	0.7777165196471532	0.02575579727515332	0.0	1.0	29.0	27494.0
75%	0.892325139134647	0.13824816710049764	1.0	1.0	85.0	27533.0
max	1.0	1.0000000000000002	1.0	1.0	398.0	27561.0
