index	auroc	auprc	hit1	hit10	n_true_pos	n_true_neg
count	19727.0	19727.0	19727.0	19727.0	19727.0	19727.0
mean	0.8153968285199719	0.10136511255973481	0.20256501241952654	0.34105540629593956	60.25498048360116	27459.94550615907
std	0.1658311485960437	0.20880523902731982	0.40192115765543174	0.4740759528239919	74.5400848172232	96.3380332425777
min	0.03739656022205505	1.9594779950621153e-05	0.0	0.0	1.0	27163.0
25%	0.7343615877870319	0.0017662488870465256	0.0	0.0	9.0	27417.0
50%	0.8620574042455287	0.008255410430656814	0.0	0.0	29.0	27493.0
75%	0.9403883892917029	0.0569145425005064	0.0	1.0	85.0	27532.0
max	1.0	1.0	1.0	1.0	398.0	27560.0
