index	auroc	auprc	hit1	hit10	n_true_pos	n_true_neg
count	19727.0	19727.0	19727.0	19727.0	19727.0	19727.0
mean	0.8089449030596351	0.24470337917242665	0.5671921731636843	0.6910325949206672	60.25498048360116	27459.94550615907
std	0.197307482738704	0.2826992465296124	0.49547720090763075	0.46207939933384706	74.5400848172232	96.3380332425777
min	0.011782693913106601	1.8593581495667695e-05	0.0	0.0	1.0	27163.0
25%	0.710389868594058	0.009202614347127394	0.0	0.0	9.0	27417.0
50%	0.8693675696859615	0.12546544308746796	1.0	1.0	29.0	27493.0
75%	0.9625009012535171	0.40912210874638133	1.0	1.0	85.0	27532.0
max	1.0	1.0000000000000002	1.0	1.0	398.0	27560.0
