index	auroc	auprc	hit1	hit10	n_true_pos	n_true_neg
count	5377.0	5377.0	5377.0	5377.0	5377.0	5377.0
mean	0.6234397304879353	0.054684394025770446	0.2211270225032546	0.42923563325274317	89.63622838013762	9729.027896596615
std	0.17613430453486786	0.10366574838005727	0.41504445451886923	0.49501310679885446	105.17232569465334	114.48659646113246
min	0.012309257375381522	5.148800329523221e-05	0.0	0.0	1.0	9437.0
25%	0.5247533024516584	0.0030904393415437086	0.0	0.0	11.0	9690.0
50%	0.632182730718017	0.014790184083572733	0.0	0.0	48.0	9776.0
75%	0.7430313687140331	0.05520959809454233	0.0	1.0	127.0	9811.0
max	1.0	1.0	1.0	1.0	404.0	9840.0
