index	auroc	auprc	hit1	hit10	n_true_pos	n_true_neg
count	5468.0	5468.0	5468.0	5468.0	5468.0	5468.0
mean	0.6964575580134446	0.04494399806185772	0.10570592538405267	0.31730065837600585	91.39429407461594	9957.698975859546
std	0.1579788672562355	0.09336142275959743	0.30748898214545556	0.4654681234389107	107.02195011012074	116.65481788746318
min	0.043793445878848036	5.1921079958463136e-05	0.0	0.0	1.0	9662.0
25%	0.6050498052304703	0.0031048685504638726	0.0	0.0	11.0	9920.0
50%	0.705418918122448	0.013901681054663311	0.0	0.0	48.0	10007.0
75%	0.8053527849942539	0.04106085090634862	0.0	1.0	128.0	10040.0
max	1.0	1.0	1.0	1.0	410.0	10071.0
