index	auroc	auprc	hit1	hit10	n_true_pos	n_true_neg
count	5377.0	5377.0	5377.0	5377.0	5377.0	5377.0
mean	0.6263450205989246	0.04217211872365923	0.161614283057467	0.38422912404686627	89.63622838013762	9729.027896596615
std	0.16443663854407267	0.07366488879286334	0.36813083309082767	0.48645772083406447	105.17232569465334	114.48659646113246
min	0.0102945673223932	5.148800329523221e-05	0.0	0.0	1.0	9437.0
25%	0.5335145620612749	0.002432734502192469	0.0	0.0	11.0	9690.0
50%	0.6352840851237145	0.013463326627981867	0.0	0.0	48.0	9776.0
75%	0.7317671781451965	0.04402621502262577	0.0	1.0	127.0	9811.0
max	0.9983228298434641	0.6022045578700901	1.0	1.0	404.0	9840.0
